{"train_r2": 0.8783163002745658, "test_r2": 0.591700517490289, "mae": 1062484.4233667008, "rmse": 1436585.6799709727}